level,stratum,n_pairs,ff_real,ff_blank,ff_diff,ff_disc,ff_newc95,ff_boot95,ff_mcnemar_p,ch_real,ch_blank,ch_diff,ch_ci95,ch_wilcoxon_p
L1,matched (text sufficed),37,0.4594594594594595,0.40540540540540543,-0.05405405405405406,4/2,"[-0.175, +0.071]","[-0.189, +0.081]",0.6875,6.675675675675675,6.351351351351352,-0.3243243243243237,"[-0.81, +0.16]",0.17625474650231499
L1,non-matched (all others),19,0.9473684210526315,0.7368421052631579,-0.21052631578947367,4/0,"[-0.422, -0.020]","[-0.421, -0.053]",0.125,9.157894736842104,8.68421052631579,-0.47368421052631504,"[-1.11, +0.11]",0.16775656649533888
L1,grounded (image required),4,1.0,1.0,0.0,0/0,"[-0.490, +0.490]","[+0.000, +0.000]",1.0,9.75,10.0,0.25,"[+0.00, +0.75]",0.31731050786291415
L1,unstable,9,0.8888888888888888,0.5555555555555556,-0.33333333333333326,3/0,"[-0.600, -0.010]","[-0.667, -0.111]",0.25,8.555555555555555,7.444444444444445,-1.1111111111111107,"[-2.22, +0.00]",0.11183552183735439
L1,wrong_both,6,1.0,0.8333333333333334,-0.16666666666666663,1/0,"[-0.564, +0.247]","[-0.500, +0.000]",1.0,9.666666666666666,9.666666666666666,0.0,"[-0.50, +0.50]",1.0
L4,matched (text sufficed),37,0.918918918918919,0.972972972972973,0.05405405405405406,0/2,"[-0.038, +0.175]","[+0.000, +0.135]",0.5,2.108108108108108,2.27027027027027,0.16216216216216228,"[-0.59, +0.81]",0.3588705339407172
L4,non-matched (all others),17,1.0,1.0,0.0,0/0,"[-0.184, +0.184]","[+0.000, +0.000]",1.0,1.5294117647058822,1.1764705882352942,-0.3529411764705881,"[-1.06, +0.30]",0.3572725590318747
L4,grounded (image required),3,1.0,1.0,0.0,0/0,"[-0.561, +0.561]","[+0.000, +0.000]",1.0,1.0,1.0,0.0,"[+0.00, +0.00]",1.0
L4,unstable,9,1.0,1.0,0.0,0/0,"[-0.299, +0.299]","[+0.000, +0.000]",1.0,1.7777777777777777,1.3333333333333333,-0.4444444444444444,"[-1.67, +0.67]",0.4142161782425252
L4,wrong_both,5,1.0,1.0,0.0,0/0,"[-0.434, +0.434]","[+0.000, +0.000]",1.0,1.4,1.0,-0.3999999999999999,"[-1.20, +0.00]",0.31731050786291415
